{
  "name": "Stakataka",
  "nationalPokedexNumber": 805,
  "primaryType": "rock",
  "secondaryType": "steel",
  "abilities": [
    "beastboost"
  ],
  "baseStats": {
    "hp": 61,
    "attack": 131,
    "defence": 211,
    "special_attack": 53,
    "special_defence": 101,
    "speed": 13
  },
  "catchRate": 30,
  "maleRatio": -1,
  "shoulderMountable": false,
  "baseExperienceYield": 285,
  "experienceGroup": "slow",
  "eggCycles": 120,
  "eggGroups": [
    "undiscovered"
  ],
  "moves": [
    "1:harden",
    "1:tackle",
    "5:rockthrow",
    "10:protect",
    "15:stomp",
    "17:bide",
    "20:block",
    "25:rockslide",
    "30:wideguard",
    "35:autotomize",
    "40:rockblast",
    "45:magnetrise",
    "50:irondefense",
    "55:ironhead",
    "60:takedown",
    "65:stealthrock",
    "70:doubleedge",
    "tm:allyswitch",
    "tm:bodypress",
    "tm:bodyslam",
    "tm:brutalswing",
    "tm:bulldoze",
    "tm:earthquake",
    "tm:endure",
    "tm:facade",
    "tm:flashcannon",
    "tm:frustration",
    "tm:gigaimpact",
    "tm:gyroball",
    "tm:heatcrash",
    "tm:heavyslam",
    "tm:hiddenpower",
    "tm:highhorsepower",
    "tm:infestation",
    "tm:irondefense",
    "tm:ironhead",
    "tm:lightscreen",
    "tm:magicroom",
    "tm:megakick",
    "tm:protect",
    "tm:reflect",
    "tm:rest",
    "tm:return",
    "tm:rockblast",
    "tm:rockpolish",
    "tm:rockslide",
    "tm:rocktomb",
    "tm:round",
    "tm:safeguard",
    "tm:sandstorm",
    "tm:skillswap",
    "tm:sleeptalk",
    "tm:smackdown",
    "tm:snore",
    "tm:stealthrock",
    "tm:stompingtantrum",
    "tm:stoneedge",
    "tm:substitute",
    "tm:superpower",
    "tm:toxic",
    "tm:trickroom",
    "tm:wonderroom",
    "tm:zenheadbutt",
    "tutor:allyswitch",
    "tutor:autotomize",
    "tutor:bind",
    "tutor:block",
    "tutor:brutalswing",
    "tutor:doubleedge",
    "tutor:gravity",
    "tutor:irondefense",
    "tutor:ironhead",
    "tutor:magiccoat",
    "tutor:magicroom",
    "tutor:magnetrise",
    "tutor:meteorbeam",
    "tutor:recycle",
    "tutor:rockblast",
    "tutor:rockslide",
    "tutor:roleplay",
    "tutor:skillswap",
    "tutor:snore",
    "tutor:stealthrock",
    "tutor:steelbeam",
    "tutor:steelroller",
    "tutor:stompingtantrum",
    "tutor:superpower",
    "tutor:telekinesis",
    "tutor:wideguard",
    "tutor:wonderroom",
    "tutor:zenheadbutt"
  ],
  "labels": [
    "gen7",
    "ultra_beast"
  ],
  "pokedex": [
    "cobblemon.species.stakataka.desc"
  ],
  "evolutions": [],
  "baseScale": 1,
  "hitbox": {
    "width": 3,
    "height": 7,
    "fixed": false
  },
  "baseFriendship": 0,
  "evYield": {
    "hp": 0,
    "attack": 0,
    "defence": 3,
    "special_attack": 0,
    "special_defence": 0,
    "speed": 0
  },
  "height": 55,
  "weight": 8200,
  "aspects": [],
  "cannotDynamax": false,
  "drops": {
    "amount": 3,
    "entries": [
      {
        "item": "minecraft:echo_shard",
        "quantityRange": "1-3"
      }
    ]
  }
}
