{
    "species": "cobblemon:charizard",
    "order": 0,
    "variations": [
        {
            "aspects": [],
            "poser": "cobblemon:charizard",
            "model": "cobblemon:charizard.geo",
            "texture": "cobblemon:textures/pokemon/0006_charizard/charizard.png",
            "layers": [
                {
                    "name": "flame",
                    "texture": {
                        "frames": [
                            "cobblemon:textures/pokemon/0006_charizard/charizard_flame1.png",
                            "cobblemon:textures/pokemon/0006_charizard/charizard_flame2.png",
                            "cobblemon:textures/pokemon/0006_charizard/charizard_flame3.png",
                            "cobblemon:textures/pokemon/0006_charizard/charizard_flame4.png"
                        ],
                        "fps": 10,
                        "loop": true
                    },
                    "emissive": true,
                    "translucent": true
                }
            ]
        },
        {
            "aspects": [
                "shiny"
            ],
            "texture": "cobblemon:textures/pokemon/0006_charizard/charizard_shiny.png",
            "layers": [
                {
                    "name": "flame",
                    "texture": {
                        "frames": [
                            "cobblemon:textures/pokemon/0006_charizard/charizard_flame1.png",
                            "cobblemon:textures/pokemon/0006_charizard/charizard_flame2.png",
                            "cobblemon:textures/pokemon/0006_charizard/charizard_flame3.png",
                            "cobblemon:textures/pokemon/0006_charizard/charizard_flame4.png"
                        ],
                        "fps": 10,
                        "loop": true
                    },
                    "emissive": true,
                    "translucent": true
                }
            ]
        },
        {
            "aspects": [
                "alpha"
            ],
            "layers": [
                {
                    "name": "alpha_eyes",
                    "texture": "cobblemon:textures/pokemon/0006_charizard/charizard_eyes.png",
                    "emissive": true,
                    "translucent": true
                }
            ]
        }
    ]
}