{
  "species": "cobblemon:medicham",
  "order": 0,
  "variations": [
    {
      "aspects": [],
      "poser": "cobblemon:medicham",
      "model": "cobblemon:medicham.geo",
      "texture": "cobblemon:textures/pokemon/0308_medicham/medicham.png",
      "layers": []
    },
    {
      "aspects": ["shiny"],
      "texture": "cobblemon:textures/pokemon/0308_medicham/medicham_shiny.png",
      "layers": []
    },
    {
      "aspects": ["female"],
      "texture": "cobblemon:textures/pokemon/0308_medicham/medicham.png",
      "model": "cobblemon:medicham_female.geo"
    },
    {
      "aspects": ["female","shiny"],
      "texture": "cobblemon:textures/pokemon/0308_medicham/medicham_shiny.png",
      "model": "cobblemon:medicham_female.geo"
    }
  ]
}
