{
    "species": "cobblemon:gengar",
    "order": 0,
    "variations": [
        {
            "aspects": [],
            "poser": "cobblemon:gengar",
            "model": "cobblemon:gengar.geo",
            "texture": "cobblemon:textures/pokemon/0094_gengar/gengar.png",
            "layers": [
                {
                    "name": "emissive",
                    "texture": "cobblemon:textures/pokemon/0094_gengar/gengar_emissives.png",
                    "emissive": true,
                    "translucent": true
                }
            ]
        },
        {
            "aspects": [
                "shiny"
            ],
            "texture": "cobblemon:textures/pokemon/0094_gengar/gengar_shiny.png",
            "layers": [
                {
                    "name": "emissive",
                    "texture": "cobblemon:textures/pokemon/0094_gengar/gengar_shiny_emissives.png",
                    "emissive": true,
                    "translucent": true
                }
            ]
        },
        {
            "aspects": [
                "alpha"
            ],
            "layers": [
                {
                    "name": "alpha_eyes",
                    "texture": "cobblemon:textures/pokemon/0094_gengar/gengar_eyes.png",
                    "emissive": true,
                    "translucent": true
                }
            ]
        }
    ]
}