{
    "species": "cobblemon:mrmime",
    "order": 0,
    "variations": [
        {
            "aspects": [],
            "poser": "cobblemon:mrmime",
            "model": "cobblemon:mr_mime.geo",
            "texture": "cobblemon:textures/pokemon/0122_mrmime/mr_mime.png",
            "layers": []
        },
        {
            "aspects": [
                "shiny"
            ],
            "texture": "cobblemon:textures/pokemon/0122_mrmime/mr_mime_shiny.png"
        },
        {
            "aspects": [
                "alpha"
            ],
            "layers": [
                {
                    "name": "alpha_eyes",
                    "texture": "cobblemon:textures/pokemon/0122_mrmime/mr_mime_eyes.png",
                    "emissive": true,
                    "translucent": true
                }
            ]
        }
    ]
}