{
    "species": "cobblemon:moltres",
    "order": 0,
    "variations": [
        {
            "aspects": [],
            "poser": "cobblemon:moltres",
            "model": "cobblemon:moltres.geo",
            "texture": "cobblemon:textures/pokemon/0146_moltres/moltres.png",
            "layers": [
                {
                    "name": "emissive",
                    "emissive": true,
                    "texture": "cobblemon:textures/pokemon/0146_moltres/moltres_emissive.png",
                    "translucent": true
                }
            ]
        },
        {
            "aspects": [
                "shiny"
            ],
            "texture": "cobblemon:textures/pokemon/0146_moltres/moltres_shiny.png",
            "layers": [
                {
                    "name": "emissive",
                    "emissive": true,
                    "texture": "cobblemon:textures/pokemon/0146_moltres/moltres_shiny_emissive.png",
                    "translucent": true
                }
            ]
        },
        {
            "aspects": [
                "alpha"
            ],
            "layers": [
                {
                    "name": "alpha_eyes",
                    "texture": "cobblemon:textures/pokemon/0146_moltres/moltres_eyes.png",
                    "emissive": true,
                    "translucent": true
                }
            ]
        }
    ]
}