{
    "species": "cobblemon:arbok",
    "order": 0,
    "variations": [
        {
            "aspects": [],
            "poser": "cobblemon:arbok",
            "model": "cobblemon:arbok.geo",
            "texture": "cobblemon:textures/pokemon/0024_arbok/arbok.png",
            "layers": [
                {
                    "name": "pattern",
                    "texture": "cobblemon:textures/pokemon/0024_arbok/arbok_pattern_classic.png",
                    "emissive": false
                }
            ]
        },
        {
            "aspects": [
                "shiny"
            ],
            "texture": "cobblemon:textures/pokemon/0024_arbok/arbok_shiny.png",
            "layers": [
                {
                    "name": "pattern",
                    "texture": "cobblemon:textures/pokemon/0024_arbok/arbok_pattern_classic_shiny.png",
                    "emissive": false
                }
            ]
        },
        {
            "aspects": [
                "snake-pattern-attack"
            ],
            "layers": [
                {
                    "name": "pattern",
                    "texture": "cobblemon:textures/pokemon/0024_arbok/arbok_pattern_attack.png",
                    "emissive": false
                }
            ]
        },
        {
            "aspects": [
                "snake-pattern-dark"
            ],
            "layers": [
                {
                    "name": "pattern",
                    "texture": "cobblemon:textures/pokemon/0024_arbok/arbok_pattern_dark.png",
                    "emissive": false
                }
            ]
        },
        {
            "aspects": [
                "snake-pattern-elusive"
            ],
            "layers": [
                {
                    "name": "pattern",
                    "texture": "cobblemon:textures/pokemon/0024_arbok/arbok_pattern_elusive.png",
                    "emissive": false
                }
            ]
        },
        {
            "aspects": [
                "snake-pattern-heart"
            ],
            "layers": [
                {
                    "name": "pattern",
                    "texture": "cobblemon:textures/pokemon/0024_arbok/arbok_pattern_heart.png",
                    "emissive": false
                }
            ]
        },
        {
            "aspects": [
                "snake-pattern-legacy"
            ],
            "layers": [
                {
                    "name": "pattern",
                    "texture": "cobblemon:textures/pokemon/0024_arbok/arbok_pattern_legacy.png",
                    "emissive": false
                }
            ]
        },
        {
            "aspects": [
                "snake-pattern-sound"
            ],
            "layers": [
                {
                    "name": "pattern",
                    "texture": "cobblemon:textures/pokemon/0024_arbok/arbok_pattern_sound.png",
                    "emissive": false
                }
            ]
        },
        {
            "aspects": [
                "snake-pattern-speed"
            ],
            "layers": [
                {
                    "name": "pattern",
                    "texture": "cobblemon:textures/pokemon/0024_arbok/arbok_pattern_speed.png",
                    "emissive": false
                }
            ]
        },
        {
            "aspects": [
                "shiny",
                "snake-pattern-attack"
            ],
            "layers": [
                {
                    "name": "pattern",
                    "texture": "cobblemon:textures/pokemon/0024_arbok/arbok_pattern_attack_shiny.png",
                    "emissive": false
                }
            ]
        },
        {
            "aspects": [
                "shiny",
                "snake-pattern-dark"
            ],
            "layers": [
                {
                    "name": "pattern",
                    "texture": "cobblemon:textures/pokemon/0024_arbok/arbok_pattern_dark_shiny.png",
                    "emissive": false
                }
            ]
        },
        {
            "aspects": [
                "shiny",
                "snake-pattern-elusive"
            ],
            "layers": [
                {
                    "name": "pattern",
                    "texture": "cobblemon:textures/pokemon/0024_arbok/arbok_pattern_elusive_shiny.png",
                    "emissive": false
                }
            ]
        },
        {
            "aspects": [
                "shiny",
                "snake-pattern-heart"
            ],
            "layers": [
                {
                    "name": "pattern",
                    "texture": "cobblemon:textures/pokemon/0024_arbok/arbok_pattern_heart_shiny.png",
                    "emissive": false
                }
            ]
        },
        {
            "aspects": [
                "shiny",
                "snake-pattern-legacy"
            ],
            "layers": [
                {
                    "name": "pattern",
                    "texture": "cobblemon:textures/pokemon/0024_arbok/arbok_pattern_legacy_shiny.png",
                    "emissive": false
                }
            ]
        },
        {
            "aspects": [
                "shiny",
                "snake-pattern-sound"
            ],
            "layers": [
                {
                    "name": "pattern",
                    "texture": "cobblemon:textures/pokemon/0024_arbok/arbok_pattern_sound_shiny.png",
                    "emissive": false
                }
            ]
        },
        {
            "aspects": [
                "shiny",
                "snake-pattern-speed"
            ],
            "layers": [
                {
                    "name": "pattern",
                    "texture": "cobblemon:textures/pokemon/0024_arbok/arbok_pattern_speed_shiny.png",
                    "emissive": false
                }
            ]
        },
        {
            "aspects": [
                "shiny",
                "snake-pattern-classic"
            ],
            "layers": [
                {
                    "name": "pattern",
                    "texture": "cobblemon:textures/pokemon/0024_arbok/arbok_pattern_classic_shiny.png",
                    "emissive": false
                }
            ]
        },
        {
            "aspects": [
                "alpha"
            ],
            "layers": [
                {
                    "name": "alpha_eyes",
                    "texture": "cobblemon:textures/pokemon/0024_arbok/arbok_eyes.png",
                    "emissive": true,
                    "translucent": true
                }
            ]
        }
    ]
}