{
    "species": "cobblemon:arcanine",
    "order": 0,
    "variations": [
        {
            "aspects": [],
            "poser": "cobblemon:arcanine",
            "model": "cobblemon:arcanine.geo",
            "texture": "cobblemon:textures/pokemon/0059_arcanine/arcanine.png",
            "layers": []
        },
        {
            "aspects": [
                "shiny"
            ],
            "texture": "cobblemon:textures/pokemon/0059_arcanine/arcanine_shiny.png"
        },
        {
            "aspects": [
                "alpha"
            ],
            "layers": [
                {
                    "name": "alpha_eyes",
                    "texture": "cobblemon:textures/pokemon/0059_arcanine/arcanine_eyes.png",
                    "emissive": true,
                    "translucent": true
                }
            ]
        }
    ]
}