{
    "species": "cobblemon:rapidash",
    "order": 0,
    "variations": [
        {
            "aspects": [],
            "poser": "cobblemon:rapidash",
            "model": "cobblemon:rapidash.geo",
            "texture": "cobblemon:textures/pokemon/0078_rapidash/rapidash.png",
            "layers": [
                {
                    "name": "emissive",
                    "texture": {
                        "frames": [
                            "cobblemon:textures/pokemon/0078_rapidash/fire/normal/1.png",
                            "cobblemon:textures/pokemon/0078_rapidash/fire/normal/2.png",
                            "cobblemon:textures/pokemon/0078_rapidash/fire/normal/3.png",
                            "cobblemon:textures/pokemon/0078_rapidash/fire/normal/4.png"
                        ],
                        "fps": 10,
                        "loop": true
                    },
                    "emissive": true
                }
            ]
        },
        {
            "aspects": [
                "shiny"
            ],
            "texture": "cobblemon:textures/pokemon/0078_rapidash/rapidash_shiny.png",
            "layers": [
                {
                    "name": "emissive",
                    "texture": {
                        "frames": [
                            "cobblemon:textures/pokemon/0078_rapidash/fire/shiny/1.png",
                            "cobblemon:textures/pokemon/0078_rapidash/fire/shiny/2.png",
                            "cobblemon:textures/pokemon/0078_rapidash/fire/shiny/3.png",
                            "cobblemon:textures/pokemon/0078_rapidash/fire/shiny/4.png"
                        ],
                        "fps": 10,
                        "loop": true
                    },
                    "emissive": true
                }
            ]
        },
        {
            "aspects": [
                "alpha"
            ],
            "layers": [
                {
                    "name": "alpha_eyes",
                    "texture": "cobblemon:textures/pokemon/0078_rapidash/rapidash_eyes.png",
                    "emissive": true,
                    "translucent": true
                }
            ]
        }
    ]
}