{
  "species": "cobblemon:garchomp",
  "order": 1,
  "variations": [
    {
      "aspects": ["female"],
      "model": "cobblemon:garchomp_female.geo"
    },
    {
      "aspects": ["mega"],
      "model": "cobblemon:garchomp_mega.geo",
      "texture": "cobblemon:textures/pokemon/0445_garchomp/garchomp_mega.png"
    },
    {
      "aspects": ["shiny", "mega"],
      "model": "cobblemon:garchomp_mega.geo",
      "texture": "cobblemon:textures/pokemon/0445_garchomp/garchomp_mega_shiny.png"
    }
  ]
}
