{
    "species": "cobblemon:beedrill",
    "order": 0,
    "variations": [
        {
            "aspects": [],
            "poser": "cobblemon:beedrill",
            "model": "cobblemon:beedrill.geo",
            "texture": "cobblemon:textures/pokemon/0015_beedrill/beedrill.png"
        },
        {
            "aspects": [
                "shiny"
            ],
            "texture": "cobblemon:textures/pokemon/0015_beedrill/beedrill_shiny.png"
        },
        {
            "aspects": [
                "alpha"
            ],
            "layers": [
                {
                    "name": "alpha_eyes",
                    "texture": "cobblemon:textures/pokemon/0015_beedrill/beedrill_eyes.png",
                    "emissive": true,
                    "translucent": true
                }
            ]
        }
    ]
}