{
    "species": "cobblemon:starmie",
    "order": 0,
    "variations": [
        {
            "aspects": [],
            "poser": "cobblemon:starmie",
            "model": "cobblemon:starmie.geo",
            "texture": "cobblemon:textures/pokemon/0121_starmie/starmie.png",
            "layers": [
                {
                    "name": "glow",
                    "texture": "cobblemon:textures/pokemon/0121_starmie/starmie_emissive.png",
                    "emissive": true,
                    "translucent": true
                }
            ]
        },
        {
            "aspects": [
                "shiny"
            ],
            "texture": "cobblemon:textures/pokemon/0121_starmie/starmie_shiny.png",
            "layers": [
                {
                    "name": "glow",
                    "texture": "cobblemon:textures/pokemon/0121_starmie/starmie_shiny_emissive.png",
                    "emissive": true,
                    "translucent": true
                }
            ]
        },
        {
            "aspects": [
                "alpha"
            ],
            "layers": [
                {
                    "name": "alpha_eyes",
                    "texture": "cobblemon:textures/pokemon/0121_starmie/starmie_eyes.png",
                    "emissive": true,
                    "translucent": true
                }
            ]
        }
    ]
}