{
  "species": "cobblemon:gyarados",
  "order": 0,
  "variations": [
    {
      "aspects": [],
      "poser": "cobblemon:gyarados",
      "model": "cobblemon:gyarados_male.geo",
      "texture": "cobblemon:textures/pokemon/0130_gyarados/gyarados.png",
      "layers": []
    },
    {
      "aspects": ["magikarp-jump-standard"],
      "texture": "cobblemon:textures/pokemon/0130_gyarados/gyarados.png"
    },
    {
      "aspects": ["magikarp-jump-apricot-stripes"],
      "texture": "cobblemon:textures/pokemon/0130_gyarados/gyarados_apricot_stripes.png"
    },
    {
      "aspects": ["magikarp-jump-apricot-tiger"],
      "texture": "cobblemon:textures/pokemon/0130_gyarados/gyarados_apricot_tiger.png"
    },
    {
      "aspects": ["magikarp-jump-apricot-zebra"],
      "texture": "cobblemon:textures/pokemon/0130_gyarados/gyarados_apricot_zebra.png"
    },
    {
      "aspects": ["magikarp-jump-black-forehead"],
      "texture": "cobblemon:textures/pokemon/0130_gyarados/gyarados_black_forehead.png"
    },
    {
      "aspects": ["magikarp-jump-black-masked"],
      "texture": "cobblemon:textures/pokemon/0130_gyarados/gyarados_black_mask.png"
    },
    {
      "aspects": ["magikarp-jump-blue-raindrops"],
      "texture": "cobblemon:textures/pokemon/0130_gyarados/gyarados_blue_raindrops.png"
    },
    {
      "aspects": ["magikarp-jump-blue-saucy"],
      "texture": "cobblemon:textures/pokemon/0130_gyarados/gyarados_blue_saucy.png"
    },
    {
      "aspects": ["magikarp-jump-brown-stripes"],
      "texture": "cobblemon:textures/pokemon/0130_gyarados/gyarados_brown_stripes.png"
    },
    {
      "aspects": ["magikarp-jump-brown-tiger"],
      "texture": "cobblemon:textures/pokemon/0130_gyarados/gyarados_brown_tiger.png"
    },
    {
      "aspects": ["magikarp-jump-brown-zebra"],
      "texture": "cobblemon:textures/pokemon/0130_gyarados/gyarados_brown_zebra.png"
    },
    {
      "aspects": ["magikarp-jump-calico-orange-white"],
      "texture": "cobblemon:textures/pokemon/0130_gyarados/gyarados_calico_1.png"
    },
    {
      "aspects": ["magikarp-jump-calico-orange-white-black"],
      "texture": "cobblemon:textures/pokemon/0130_gyarados/gyarados_calico_2.png"
    },
    {
      "aspects": ["magikarp-jump-calico-white-orange"],
      "texture": "cobblemon:textures/pokemon/0130_gyarados/gyarados_calico_3.png"
    },
    {
      "aspects": ["magikarp-jump-calico-orange-gold"],
      "texture": "cobblemon:textures/pokemon/0130_gyarados/gyarados_calico_4.png"
    },
    {
      "aspects": ["magikarp-jump-orange-dapples"],
      "texture": "cobblemon:textures/pokemon/0130_gyarados/gyarados_dapples.png"
    },
    {
      "aspects": ["magikarp-jump-gray-bubbles"],
      "texture": "cobblemon:textures/pokemon/0130_gyarados/gyarados_gray_bubbles.png"
    },
    {
      "aspects": ["magikarp-jump-gray-diamonds"],
      "texture": "cobblemon:textures/pokemon/0130_gyarados/gyarados_gray_diamonds.png"
    },
    {
      "aspects": ["magikarp-jump-gray-patches"],
      "texture": "cobblemon:textures/pokemon/0130_gyarados/gyarados_gray_patches.png"
    },
    {
      "aspects": ["magikarp-jump-orange-forehead"],
      "texture": "cobblemon:textures/pokemon/0130_gyarados/gyarados_orange_forehead.png"
    },
    {
      "aspects": ["magikarp-jump-orange-masked"],
      "texture": "cobblemon:textures/pokemon/0130_gyarados/gyarados_orange_mask.png"
    },
    {
      "aspects": ["magikarp-jump-orange-orca"],
      "texture": "cobblemon:textures/pokemon/0130_gyarados/gyarados_orca.png"
    },
    {
      "aspects": ["magikarp-jump-pink-dapples"],
      "texture": "cobblemon:textures/pokemon/0130_gyarados/gyarados_pink_dapples.png"
    },
    {
      "aspects": ["magikarp-jump-pink-orca"],
      "texture": "cobblemon:textures/pokemon/0130_gyarados/gyarados_pink_orca.png"
    },
    {
      "aspects": ["magikarp-jump-pink-two-tone"],
      "texture": "cobblemon:textures/pokemon/0130_gyarados/gyarados_pink_two-tone.png"
    },
    {
      "aspects": ["magikarp-jump-purple-bubbles"],
      "texture": "cobblemon:textures/pokemon/0130_gyarados/gyarados_purple_bubbles.png"
    },
    {
      "aspects": ["magikarp-jump-purple-diamonds"],
      "texture": "cobblemon:textures/pokemon/0130_gyarados/gyarados_purple_diamonds.png"
    },
    {
      "aspects": ["magikarp-jump-purple-patches"],
      "texture": "cobblemon:textures/pokemon/0130_gyarados/gyarados_purple_patches.png"
    },
    {
      "aspects": ["magikarp-jump-skelly"],
      "texture": "cobblemon:textures/pokemon/0130_gyarados/gyarados_skelly.png"
    },
    {
      "aspects": ["magikarp-jump-orange-two-tone"],
      "texture": "cobblemon:textures/pokemon/0130_gyarados/gyarados_two-tone.png"
    },
    {
      "aspects": ["magikarp-jump-violet-raindrops"],
      "texture": "cobblemon:textures/pokemon/0130_gyarados/gyarados_violet_raindrops.png"
    },
    {
      "aspects": ["magikarp-jump-violet-saucy"],
      "texture": "cobblemon:textures/pokemon/0130_gyarados/gyarados_violet_saucy.png"
    },
    {
      "aspects": ["shiny"],
      "texture": "cobblemon:textures/pokemon/0130_gyarados/gyarados_shiny.png"
    },
    {
      "aspects": ["mega"],
      "poser": "cobblemon:gyarados_mega",
      "model": "cobblemon:gyarados_mega.geo",
      "texture": "cobblemon:textures/pokemon/0130_gyarados/gyarados_mega.png",
      "layers": []
    },
    {
      "aspects": [ "mega", "shiny" ],
      "poser": "cobblemon:gyarados_mega",
      "model": "cobblemon:gyarados_mega.geo",
      "texture": "cobblemon:textures/pokemon/0130_gyarados/gyarados_mega_shiny.png"
    }

  ]
}
