{
  "species": "cobblemon:gyarados",
  "order": 0,
  "variations": [
    {
      "aspects": ["female"],
      "model": "cobblemon:gyarados_female.geo"
    },
    {
      "aspects": ["mega"],
      "poser": "cobblemon:gyarados_mega",
      "model": "cobblemon:gyarados_mega.geo",
      "texture": "cobblemon:textures/pokemon/0130_gyarados/gyarados_mega.png",
      "layers": []
    },
    {
      "aspects": [ "mega", "shiny" ],
      "poser": "cobblemon:gyarados_mega",
      "model": "cobblemon:gyarados_mega.geo",
      "texture": "cobblemon:textures/pokemon/0130_gyarados/gyarados_mega_shiny.png"
    }

  ]
}
