{
    "species": "cobblemon:nidoking",
    "order": 0,
    "variations": [
        {
            "aspects": [],
            "poser": "cobblemon:nidoking",
            "model": "cobblemon:nidoking.geo",
            "texture": "cobblemon:textures/pokemon/0034_nidoking/nidoking.png",
            "layers": []
        },
        {
            "aspects": [
                "shiny"
            ],
            "texture": "cobblemon:textures/pokemon/0034_nidoking/nidoking_shiny.png"
        },
        {
            "aspects": [
                "alpha"
            ],
            "layers": [
                {
                    "name": "alpha_eyes",
                    "texture": "cobblemon:textures/pokemon/0034_nidoking/nidoking_eyes.png",
                    "emissive": true,
                    "translucent": true
                }
            ]
        }
    ]
}