{
  "species": "cobblemon:lucario",
  "order": 0,
  "variations": [
    {
      "aspects": [],
      "poser": "cobblemon:lucario",
      "model": "cobblemon:lucario.geo",
      "texture": "cobblemon:textures/pokemon/0448_lucario/lucario.png",
      "layers": []
    },
    {
      "aspects": ["shiny"],
      "texture": "cobblemon:textures/pokemon/0448_lucario/lucario_shiny.png"
    },
    {
      "aspects": ["mega"],
      "poser": "cobblemon:lucariomega",
      "model": "cobblemon:lucariomega.geo",
      "texture": "cobblemon:textures/pokemon/0448_lucario/lucariomega.png",
      "layers": []
    },
    {
      "aspects": ["mega", "shiny"],
      "poser": "cobblemon:lucariomega",
      "model": "cobblemon:lucariomega.geo",
      "texture": "cobblemon:textures/pokemon/0448_lucario/lucariomega_shiny.png",
      "layers": []
    }
  ]
}
