{
  "species": "cobblemon:sceptile",
  "order": 0,
  "variations": [
    {
      "aspects": [],
      "poser": "cobblemon:sceptile",
      "model": "cobblemon:sceptile.geo",
      "texture": "cobblemon:textures/pokemon/0254_sceptile/sceptile.png",
      "layers": []
    },
    {
      "aspects": ["shiny"],
      "texture": "cobblemon:textures/pokemon/0254_sceptile/sceptile_shiny.png"
    },
    {
      "aspects": ["mega"],
      "model": "cobblemon:sceptile_mega.geo",
      "texture": "cobblemon:textures/pokemon/0254_sceptile/sceptile_mega.png",
      "layers": []
    },
    {
      "aspects": ["mega","shiny"],
      "model": "cobblemon:sceptile_mega.geo",
      "texture": "cobblemon:textures/pokemon/0254_sceptile/sceptile_mega_shiny.png",
      "layers": []
    }
  ]
}
