{
  "species": "cobblemon:blaziken",
  "order": 0,
  "variations": [
    {
      "aspects": [],
      "poser": "cobblemon:blaziken",
      "model": "cobblemon:blaziken_male.geo",
      "texture": "cobblemon:textures/pokemon/0257_blaziken/blaziken.png",
      "layers": []
    },
    {
      "aspects": ["shiny"],
      "texture": "cobblemon:textures/pokemon/0257_blaziken/blaziken_shiny.png"
    },
    {
      "aspects": ["mega"],
      "model": "cobblemon:blaziken_mega.geo",
      "texture": "cobblemon:textures/pokemon/0257_blaziken/blaziken_mega.png",
      "layers": [
        {
          "name": "emissive",
          "emissive": true,
          "texture": "cobblemon:textures/pokemon/0257_blaziken/blaziken_mega_emissive.png",
          "translucent": false
        }
      ]
    },
    {
      "aspects": ["mega","shiny"],
      "model": "cobblemon:blaziken_mega.geo",
      "texture": "cobblemon:textures/pokemon/0257_blaziken/blaziken_mega_shiny.png",
      "layers": [
        {
          "name": "emissive",
          "emissive": true,
          "texture": "cobblemon:textures/pokemon/0257_blaziken/blaziken_mega_emissive.png",
          "translucent": false
        }
      ]
    }
  ]
}
