{
  "type": "minecraft:crafting_shaped",
  "category": "misc",
  "pattern": [
    " f ",
    " l ",
    "   "
  ],
  "key": {
    "f": {
      "item": "minecraft:black_dye"
    },
    "l": {
      "item": "cobblemon:iron_ball"
    }
  },
  "result": {
    "id": "minecraft:paper",
    "components": {
      "minecraft:custom_model_data": 8,
      "minecraft:item_name": "{\"extra\":[{\"color\":\"light_purple\",\"italic\":false,\"text\": \"Banettite\"}],\"italic\":false,\"text\":\"\"}",
      "minecraft:lore": [
        "{\"color\":\"gray\",\"text\":\"Held item to Mega Evolve Banette.\"}"
      ],
      "flourish:showdown_item": "Banettite"

    }
  }
}