{
  "enabled": true,
  "neededInstalledMods": [],
  "neededUninstalledMods": [],
  "spawns": [
    {
      "id": "tinglu-1",
      "pokemon": "tinglu",
      "presets": ["natural"],
      "type": "pokemon",
      "context": "grounded",
      "bucket": "ultra-rare",
      "level": "60",
      "weight": 7.0,
      "condition": {
        "biomes": ["#minecraft:is_hill"]
      }
    },
    {
      "id": "tinglu-2",
      "pokemon": "tinglu",
      "presets": ["natural"],
      "type": "pokemon",
      "context": "grounded",
      "bucket": "rare",
      "level": "60",
      "weight": 7.0,
      "condition": {
        "biomes": ["#minecraft:is_mountain"]
      }
    }
  ]
}
