{
    "enabled": true,
    "neededInstalledMods": [],
    "neededUninstalledMods": [],
    "spawns": [
      {
        "id": "escavalier-1",
        "pokemon": "escavalier",
        "presets": [
          "natural"
        ],
        "type": "pokemon",
        "context": "grounded",
        "bucket": "uncommon",
        "level": "30-42",
        "weight": 9.0,
        "condition": {
          "biomes": [
            "#cobblemon:is_swamp"
          ]
        }
      },
      {
        "id": "escavalier-2",
        "pokemon": "escavalier",
        "presets": [
          "natural"
        ],
        "type": "pokemon",
        "context": "grounded",
        "bucket": "uncommon",
        "level": "30-42",
        "weight": 9.0,
        "condition": {
          "biomes": [
            "minecraft:swamp"
          ]
        }
      }
    ]
  }
  