{
  "species": "cobblemon:swampert",
  "order": 0,
  "variations": [
    {
      "aspects": [],
      "poser": "cobblemon:swampert",
      "model": "cobblemon:swampert.geo",
      "texture": "cobblemon:textures/pokemon/0260_swampert/swampert.png",
      "layers": []
    },
    {
      "aspects": ["shiny"],
      "texture": "cobblemon:textures/pokemon/0260_swampert/swampert_shiny.png"
    },
    {
      "aspects": ["mega"],
      "model": "cobblemon:swampert_mega.geo",
      "texture": "cobblemon:textures/pokemon/0260_swampert/swampert_mega.png",
      "layers": []
    },
    {
      "aspects": ["mega", "shiny"],
      "model": "cobblemon:swampert_mega.geo",
      "texture": "cobblemon:textures/pokemon/0260_swampert/swampert_mega_shiny.png"
    }
  ]
}
