{
  "species": "cobblemon:aerodactyl",
  "order": 0,
  "variations": [
    {
      "aspects": [],
      "poser": "cobblemon:aerodactyl",
      "model": "cobblemon:aerodactyl.geo",
      "texture": "cobblemon:textures/pokemon/0142_aerodactyl/aerodactyl.png",
      "layers": []
    },
    {
      "aspects": [
        "shiny"
      ],
      "poser": "cobblemon:aerodactyl",
      "model": "cobblemon:aerodactyl.geo",
      "texture": "cobblemon:textures/pokemon/0142_aerodactyl/aerodactyl_shiny.png"
    },
    {
      "aspects": ["mega"],
      "model": "cobblemon:aerodactyl_mega.geo",
      "texture": "cobblemon:textures/pokemon/0142_aerodactyl/aerodactylmega.png",
      "layers": []
    },
    {
      "aspects": [ "mega", "shiny" ],
      "model": "cobblemon:aerodactyl_mega.geo",
      "texture": "cobblemon:textures/pokemon/0142_aerodactyl/aerodactylmega_shiny.png"
    }
  ]
}