{
    "species": "cobblemon:aerodactyl",
    "order": 0,
    "variations": [
        {
            "aspects": [],
            "poser": "cobblemon:aerodactyl",
            "model": "cobblemon:aerodactyl.geo",
            "texture": "cobblemon:textures/pokemon/0142_aerodactyl/aerodactyl.png",
            "layers": []
        },
        {
            "aspects": [
                "shiny"
            ],
            "texture": "cobblemon:textures/pokemon/0142_aerodactyl/aerodactyl_shiny.png"
        },
        {
            "aspects": [
                "alpha"
            ],
            "layers": [
                {
                    "name": "alpha_eyes",
                    "texture": "cobblemon:textures/pokemon/0142_aerodactyl/aerodactyl_eyes.png",
                    "emissive": true,
                    "translucent": true
                }
            ]
        }
    ]
}