{
  "species": "cobblemon:venusaur",
  "order": 0,
  "variations": [
    {
      "aspects": [],
      "poser": "cobblemon:venusaur",
      "model": "cobblemon:venusaur.geo",
      "texture": "cobblemon:textures/pokemon/0003_venusaur/venusaur_male.png",
      "layers": []
    },
    {
      "aspects": ["shiny"],
      "texture": "cobblemon:textures/pokemon/0003_venusaur/venusaur_male_shiny.png"
    },
    {
      "aspects": ["mega"],
      "model": "cobblemon:venusaurmega.geo",
      "texture": "cobblemon:textures/pokemon/0003_venusaur/venusaur_mega.png",
      "layers": []
    },
    {
      "aspects": [ "mega", "shiny" ],
      "model": "cobblemon:venusaurmega.geo",
      "texture": "cobblemon:textures/pokemon/0003_venusaur/venusaur_mega_shiny.png"
    }
  ]
}