{
  "species": "cobblemon:venusaur",
  "order": 1,
  "variations": [
    {
      "aspects": ["female"],
      "texture": "cobblemon:textures/pokemon/0003_venusaur/venusaur_female.png"
    },
    {
      "aspects": ["shiny", "female"],
      "texture": "cobblemon:textures/pokemon/0003_venusaur/venusaur_female_shiny.png"
    },
    {
      "aspects": ["mega"],
      "model": "cobblemon:venusaurmega.geo",
      "texture": "cobblemon:textures/pokemon/0003_venusaur/venusaur_mega.png",
      "layers": []
    },
    {
      "aspects": [ "mega", "shiny" ],
      "model": "cobblemon:venusaurmega.geo",
      "texture": "cobblemon:textures/pokemon/0003_venusaur/venusaur_mega_shiny.png"
    }
  ]
}